filename,count
,9802
Professor6T9.txt,2332
a.html,688
xYz.txt,627
al-huwaiti.txt,496
index.html,283
MKA.html,274
ynr.html,263
0x.txt,236
V.txt,203
cato.txt,172
d3lta.html,108
Unlimited.txt,107
b.html,102
freepalestine.html,101
robots.txt,101
duke.php,98
p.php,96
readme.html,80
null.html,75
index.php,74
2k14.txt,71
zarzilmaz.html,71
license.txt,60
indexd.php,54
1.txt,50
BilinmezYuz.png,50
ynr.php,44
kingskrupellos.txt,41
kingskrupellos.gif,36
link,35
wb.html,33
1.php,33
zhen.txt,31
TIS.txt,30
tr.php,29
nul.php,27
2.txt,26
Ss.html,26
root.html,26
shelby.gif,26
Peler.html,26
watch,25
BDKR28_db045db3c38455.html,25
8.txt,25
8.php,24
imt.html,24
nda.html,24
file.php,24
maestro.html,24
c4t.html,23
pwnd.php,22
honk.html,22
bax.html,22
krd.php,22
EminSarsilmaz.html,22
kurd.html,20
hacked-by-whanx708,19
1ex.jpg,18
paid.txt,18
safe-mode,18
0011.html,17
d3c0y.html,17
ct.html,17
17.php,17
nero.html,16
vuln.gif,16
ataturk.html,16
m4.html,15
nesas_0day.html,15
serizawa.html,15
P3.html,14
priv8random.txt,14
hacked-by-hanzofc,13
en,13
ran.php,13
freepalestine.txt,13
webshell.txt,13
35.htm,13
ah.gif,11
home,11
pope-francis,11
default.aspx,11
siteadmin,10
VORTEX.html,10
readme.txt,10
provenance,10
samantha.txt,10
pope-francis-arrives-thailand,10
login,10
pwnd.htm,10
z.htm,9
BDKR28_4764c03f30b948.html,9
p.html,9
Zer0n3ll.html,9
BDKR28_02dc825de507ca.html,9
d.txt,9
root.txt,9
sys.txt,9
hacked.html,8
bb.html,8
tabloid,8
phteam.txt,8
home.html,8
nda.txt,8
Title,7
BDKR.txt,7
100000,7
hamqx7.html,7
wp,7
nero.txt,7
phs.html,7
Salary,7
dynasty,7
KSA.txt,7
139184,7
_pulang.txt,7
index,7
mei.html,6
dph.txt,6
blog,6
op.html,6
pope-francis-arrives-in-thailand,6
download,6
BDKR28_92d3fe5d2a454e.html,6
defaced.txt,6
ir.html,6
collision,6
Hourly_Rate,6
read.txt,6
search,6
mrj.txt,6
site.webmanifest,6
United_States_Pacific_Command,5
manifest.json,5
ind3x.html,5
sg.htm,5
87.txt,5
details,5
curry,5
i=1,5
Hacked_By_VandaTheGod_gretz_m4l1c14,5
vz.txt,5
dods.txt,5
pwn.txt,5
iconoclast,5
phtm.php,5
Default.aspx,5
kingskrupellos.jpg,5
BDKR28_77bb983c052b77.html,5
authorize,5
blackletter,5
portal,5
7.txt,5
Njima.txt,5
tony.txt,5
ionosphere,5
database,4
ram,4
batting,4
Default.asp,4
favicon.ico,4
mimosa,4
MultiMediaCard,4
CD-ROM,4
lemah.txt,4
optionsxpress,4
pulang.gif,4
cyber.jpg,4
a.txt,4
Ir.html,4
font,4
placeholder.jpg,4
digital-media,4
gateway,4
XXQATARXX.html,4
next.svg,4
qamr911.html,4
jwdpvt.html,4
x.htm,4
sizofren.html,4
script%3E,4
file.svg,4
hitung_panjar,4
dashboard,4
shells.txt,4
1337.txt,4
BDKR28_21a7ab2d3ec911.html,4
BDKR28_19dfd90ffb7cf9.html,4
about.php,4
WTS-Shell.txt,4
re.txt,4
ads.txt,4
VH1,4
viverde-key,4
travel-key,4
sehitlerimiz-anisina,4
key,4
a,4
news,4
b9b37812c603c0a2f2f0a9ba7e0c3fd8.html,4
_ga=2.194223661.1211825947.1763044951-1719835714.1763044951,4
define.php,4
sessions,4
insecticide,4
Cladistics,4
s,4
packet-analyzer,4
index.htm,4
Portal,3
digital-cameras,3
view,3
resolution,3
India,3
database.html,3
traffic-collision-2,3
cladistics,3
ths.php,3
deface.html,3
index2.html,3
ths.shtml,3
_ga=2.163756735.1211825947.1763044951-1719835714.1763044951,3
_ga=2.188980779.1211825947.1763044951-1719835714.1763044951,3
_ga=2.202030609.1211825947.1763044951-1719835714.1763044951,3
en.html,3
wp-config.php,3
_ga=2.186888620.52139396.1763217500-711935152.1763217500,3
_ga=2.133920906.52139396.1763217500-711935152.1763217500,3
pwn.html,3
nesasa.html,3
64a5ebb3fc432daff6eb0c3d3d903ace.png,3
tht.php,3
x.php,3
id.htm,3
exp.html,3
Dods.txt,3
x.html,3
i.html,3
ngakak.html,3
silver.html,3
gallery.php,3
m1.html,3
login.php,3
product.php,3
los.php,3
nine.htm,3
home.jsp,3
thu-tuc-hanh-chinh,3
Home.aspx,3
clicker,3
insectarium,3
firewall,3
defaced.html,3
BDKR28_64644e28a396cd.html,3
BDKR28_b397480c62639d.html,3
ker.html,3
BDKR28_470f7f0dab6879.html,3
BDKR28_0141136aadd523.html,3
BDKR28_6f8ce1cef5b3e9.html,3
OFL.txt,3
Noble_Eightfold_Path,3
DNA,3
automation,3
hopdoddy,3
about,3
Internet_radio_device,3
digital-marketing,3
readme.php,3
pwn.htm,3
vzz.txt,3
pew.htm,3
index.txt,3
asu.php,3
XD.html,3
Sans.php,3
b.htm,3
!.php,3
bdkr.txt,3
Computer_mouse,3
commander,3
Commander,3
text-mining,3
Voltaire,3
LATAM_Chile,3
Impact_event,3
